Num,Label,Value,Active_Cnt,Phase,Min,Max,Init,Used,Status,Parm_StDev,Gradient,Pr_type
203,Fishery_ARDEV_y1948_a1,-1.53802,149,5,-10,10,0,0,act,0.607388,-1.99E-08,dev
204,Fishery_ARDEV_y1948_a2,-1.52898,150,5,-10,10,0,0,act,0.606005,-1.56E-07,dev
205,Fishery_ARDEV_y1948_a3,0.516889,151,5,-10,10,0,0,act,0.276867,-1.25E-07,dev
206,Fishery_ARDEV_y1948_a4,-0.103545,152,5,-10,10,0,0,act,0.333144,-5.05E-08,dev
207,Fishery_ARDEV_y1948_a5,0.54097,153,5,-10,10,0,0,act,0.291907,-1.44E-07,dev
208,Fishery_ARDEV_y1948_a6,0.390612,154,5,-10,10,0,0,act,0.299511,-5.43E-08,dev
209,Fishery_ARDEV_y1949_a1,-1.07186,155,5,-10,10,0,0,act,0.653676,-1.06E-07,dev
210,Fishery_ARDEV_y1949_a2,-1.39239,156,5,-10,10,0,0,act,0.606685,-7.14E-08,dev
211,Fishery_ARDEV_y1949_a3,0.124759,157,5,-10,10,0,0,act,0.278885,1.69E-08,dev
212,Fishery_ARDEV_y1949_a4,-0.144433,158,5,-10,10,0,0,act,0.322418,6.53E-08,dev
213,Fishery_ARDEV_y1949_a5,-0.369293,159,5,-10,10,0,0,act,0.356227,-1.27E-07,dev
214,Fishery_ARDEV_y1949_a6,0.549715,160,5,-10,10,0,0,act,0.288043,-2.20E-07,dev
215,Fishery_ARDEV_y1950_a1,-0.759863,161,5,-10,10,0,0,act,0.695987,-8.53E-08,dev
216,Fishery_ARDEV_y1950_a2,-0.813648,162,5,-10,10,0,0,act,0.691875,3.16E-08,dev
217,Fishery_ARDEV_y1950_a3,0.889346,163,5,-10,10,0,0,act,0.276596,-1.75E-08,dev
218,Fishery_ARDEV_y1950_a4,0.533533,164,5,-10,10,0,0,act,0.290072,1.45E-07,dev
219,Fishery_ARDEV_y1950_a5,-0.012477,165,5,-10,10,0,0,act,0.357007,1.12E-07,dev
220,Fishery_ARDEV_y1950_a6,-0.0822711,166,5,-10,10,0,0,act,0.364428,-1.29E-07,dev
221,Fishery_ARDEV_y1951_a1,-0.601513,167,5,-10,10,0,0,act,0.655614,-9.60E-08,dev
222,Fishery_ARDEV_y1951_a2,1.10956,168,5,-10,10,0,0,act,0.344726,1.48E-07,dev
223,Fishery_ARDEV_y1951_a3,1.39705,169,5,-10,10,0,0,act,0.324934,6.78E-07,dev
224,Fishery_ARDEV_y1951_a4,1.4251,170,5,-10,10,0,0,act,0.307572,5.28E-07,dev
225,Fishery_ARDEV_y1951_a5,0.859733,171,5,-10,10,0,0,act,0.333216,5.76E-08,dev
226,Fishery_ARDEV_y1951_a6,0.122602,172,5,-10,10,0,0,act,0.40678,1.50E-07,dev
227,Fishery_ARDEV_y1952_a1,-0.489022,173,5,-10,10,0,0,act,0.658455,-1.22E-07,dev
228,Fishery_ARDEV_y1952_a2,1.24756,174,5,-10,10,0,0,act,0.300772,9.71E-08,dev
229,Fishery_ARDEV_y1952_a3,0.637078,175,5,-10,10,0,0,act,0.360922,5.92E-08,dev
230,Fishery_ARDEV_y1952_a4,0.877404,176,5,-10,10,0,0,act,0.367237,-1.56E-07,dev
231,Fishery_ARDEV_y1952_a5,0.724035,177,5,-10,10,0,0,act,0.35827,-1.18E-07,dev
232,Fishery_ARDEV_y1952_a6,0.468378,178,5,-10,10,0,0,act,0.360074,-5.17E-08,dev
233,Fishery_ARDEV_y1953_a1,1.11809,179,5,-10,10,0,0,act,0.314053,-1.51E-08,dev
234,Fishery_ARDEV_y1953_a2,1.56709,180,5,-10,10,0,0,act,0.313028,-1.63E-07,dev
235,Fishery_ARDEV_y1953_a3,1.21599,181,5,-10,10,0,0,act,0.333752,2.99E-07,dev
236,Fishery_ARDEV_y1953_a4,0.872258,182,5,-10,10,0,0,act,0.399674,1.74E-07,dev
237,Fishery_ARDEV_y1953_a5,0.899741,183,5,-10,10,0,0,act,0.436227,-5.20E-08,dev
238,Fishery_ARDEV_y1953_a6,0.869627,184,5,-10,10,0,0,act,0.399823,1.72E-08,dev
239,Fishery_ARDEV_y1954_a1,0.967025,185,5,-10,10,0,0,act,0.294809,-2.93E-07,dev
240,Fishery_ARDEV_y1954_a2,1.20746,186,5,-10,10,0,0,act,0.31068,-3.78E-07,dev
241,Fishery_ARDEV_y1954_a3,1.05325,187,5,-10,10,0,0,act,0.345692,-1.19E-07,dev
242,Fishery_ARDEV_y1954_a4,0.520624,188,5,-10,10,0,0,act,0.393653,-5.96E-08,dev
243,Fishery_ARDEV_y1954_a5,0.458493,189,5,-10,10,0,0,act,0.458307,-1.55E-08,dev
244,Fishery_ARDEV_y1954_a6,0.639046,190,5,-10,10,0,0,act,0.494794,-7.28E-08,dev
245,Fishery_ARDEV_y1955_a1,2.03335,191,5,-10,10,0,0,act,0.306569,2.22E-07,dev
246,Fishery_ARDEV_y1955_a2,1.79067,192,5,-10,10,0,0,act,0.308436,2.17E-07,dev
247,Fishery_ARDEV_y1955_a3,1.30473,193,5,-10,10,0,0,act,0.360243,4.03E-07,dev
248,Fishery_ARDEV_y1955_a4,0.871571,194,5,-10,10,0,0,act,0.439469,3.61E-07,dev
249,Fishery_ARDEV_y1955_a5,0.578808,195,5,-10,10,0,0,act,0.476329,2.17E-07,dev
250,Fishery_ARDEV_y1955_a6,0.629032,196,5,-10,10,0,0,act,0.541687,1.22E-07,dev
251,Fishery_ARDEV_y1956_a1,1.42471,197,5,-10,10,0,0,act,0.319888,5.73E-07,dev
252,Fishery_ARDEV_y1956_a2,1.97015,198,5,-10,10,0,0,act,0.329445,7.31E-07,dev
253,Fishery_ARDEV_y1956_a3,1.24256,199,5,-10,10,0,0,act,0.342997,7.23E-07,dev
254,Fishery_ARDEV_y1956_a4,0.690063,200,5,-10,10,0,0,act,0.426031,3.80E-07,dev
255,Fishery_ARDEV_y1956_a5,0.294166,201,5,-10,10,0,0,act,0.515705,2.73E-07,dev
256,Fishery_ARDEV_y1956_a6,0.0869028,202,5,-10,10,0,0,act,0.535869,2.47E-07,dev
257,Fishery_ARDEV_y1957_a1,2.32975,203,5,-10,10,0,0,act,0.317751,5.12E-07,dev
258,Fishery_ARDEV_y1957_a2,2.01793,204,5,-10,10,0,0,act,0.308042,1.15E-06,dev
259,Fishery_ARDEV_y1957_a3,1.62346,205,5,-10,10,0,0,act,0.377736,5.02E-07,dev
260,Fishery_ARDEV_y1957_a4,1.34681,206,5,-10,10,0,0,act,0.37795,3.68E-07,dev
261,Fishery_ARDEV_y1957_a5,0.988385,207,5,-10,10,0,0,act,0.472917,3.21E-07,dev
262,Fishery_ARDEV_y1957_a6,0.725285,208,5,-10,10,0,0,act,0.551817,2.58E-07,dev
263,Fishery_ARDEV_y1958_a1,1.57125,209,5,-10,10,0,0,act,0.309533,3.90E-08,dev
264,Fishery_ARDEV_y1958_a2,1.75099,210,5,-10,10,0,0,act,0.397278,1.15E-07,dev
265,Fishery_ARDEV_y1958_a3,1.21127,211,5,-10,10,0,0,act,0.392713,-5.49E-08,dev
266,Fishery_ARDEV_y1958_a4,0.679317,212,5,-10,10,0,0,act,0.512242,-1.73E-07,dev
267,Fishery_ARDEV_y1958_a5,0.957873,213,5,-10,10,0,0,act,0.47692,1.50E-07,dev
268,Fishery_ARDEV_y1958_a6,0.100663,214,5,-10,10,0,0,act,0.60948,1.12E-09,dev
269,Fishery_ARDEV_y1959_a1,0.255987,215,5,-10,10,0,0,act,0.716159,4.35E-08,dev
270,Fishery_ARDEV_y1959_a2,1.21282,216,5,-10,10,0,0,act,0.311906,4.09E-07,dev
271,Fishery_ARDEV_y1959_a3,0.460087,217,5,-10,10,0,0,act,0.471763,1.62E-07,dev
272,Fishery_ARDEV_y1959_a4,0.160455,218,5,-10,10,0,0,act,0.460041,6.88E-08,dev
273,Fishery_ARDEV_y1959_a5,0.0642069,219,5,-10,10,0,0,act,0.56692,5.93E-08,dev
274,Fishery_ARDEV_y1959_a6,0.0919912,220,5,-10,10,0,0,act,0.559305,-1.32E-08,dev
275,Fishery_ARDEV_y1960_a1,1.46552,221,5,-10,10,0,0,act,0.324348,2.07E-07,dev
276,Fishery_ARDEV_y1960_a2,1.21048,222,5,-10,10,0,0,act,0.369411,1.87E-07,dev
277,Fishery_ARDEV_y1960_a3,0.54097,223,5,-10,10,0,0,act,0.332109,-1.69E-07,dev
278,Fishery_ARDEV_y1960_a4,-0.121598,224,5,-10,10,0,0,act,0.557523,-1.15E-07,dev
279,Fishery_ARDEV_y1960_a5,-0.415317,225,5,-10,10,0,0,act,0.539183,-1.87E-09,dev
280,Fishery_ARDEV_y1960_a6,-0.162046,226,5,-10,10,0,0,act,0.626103,-6.60E-08,dev
281,Fishery_ARDEV_y1961_a1,0.669705,227,5,-10,10,0,0,act,0.426243,5.39E-08,dev
282,Fishery_ARDEV_y1961_a2,1.77801,228,5,-10,10,0,0,act,0.296998,9.36E-07,dev
283,Fishery_ARDEV_y1961_a3,0.683964,229,5,-10,10,0,0,act,0.404389,3.38E-07,dev
284,Fishery_ARDEV_y1961_a4,0.80971,230,5,-10,10,0,0,act,0.304232,1.65E-06,dev
285,Fishery_ARDEV_y1961_a5,0.0318063,231,5,-10,10,0,0,act,0.58909,1.40E-07,dev
286,Fishery_ARDEV_y1961_a6,-0.114785,232,5,-10,10,0,0,act,0.535737,5.94E-08,dev
287,Fishery_ARDEV_y1962_a1,0.93932,233,5,-10,10,0,0,act,0.287694,-5.39E-08,dev
288,Fishery_ARDEV_y1962_a2,0.742519,234,5,-10,10,0,0,act,0.460767,1.88E-07,dev
289,Fishery_ARDEV_y1962_a3,1.32675,235,5,-10,10,0,0,act,0.389408,8.72E-08,dev
290,Fishery_ARDEV_y1962_a4,0.811542,236,5,-10,10,0,0,act,0.471686,-1.22E-09,dev
291,Fishery_ARDEV_y1962_a5,1.12928,237,5,-10,10,0,0,act,0.377827,-2.95E-07,dev
292,Fishery_ARDEV_y1962_a6,0.415835,238,5,-10,10,0,0,act,0.623754,6.83E-08,dev
293,Fishery_ARDEV_y1963_a1,1.39938,239,5,-10,10,0,0,act,0.316495,2.42E-07,dev
294,Fishery_ARDEV_y1963_a2,1.47736,240,5,-10,10,0,0,act,0.283501,1.31E-06,dev
295,Fishery_ARDEV_y1963_a3,0.410647,241,5,-10,10,0,0,act,0.517997,9.32E-08,dev
296,Fishery_ARDEV_y1963_a4,0.112322,242,5,-10,10,0,0,act,0.537468,5.98E-08,dev
297,Fishery_ARDEV_y1963_a5,-0.146743,243,5,-10,10,0,0,act,0.623171,1.01E-07,dev
298,Fishery_ARDEV_y1963_a6,-0.0401253,244,5,-10,10,0,0,act,0.489709,1.59E-09,dev
299,Fishery_ARDEV_y1964_a1,2.01653,245,5,-10,10,0,0,act,0.292093,3.07E-07,dev
300,Fishery_ARDEV_y1964_a2,1.5242,246,5,-10,10,0,0,act,0.320698,1.60E-07,dev
301,Fishery_ARDEV_y1964_a3,1.05078,247,5,-10,10,0,0,act,0.295823,7.88E-07,dev
302,Fishery_ARDEV_y1964_a4,0.233818,248,5,-10,10,0,0,act,0.597012,3.95E-10,dev
303,Fishery_ARDEV_y1964_a5,0.0644489,249,5,-10,10,0,0,act,0.599897,1.10E-07,dev
304,Fishery_ARDEV_y1964_a6,-0.0869203,250,5,-10,10,0,0,act,0.660824,-4.13E-08,dev
305,Fishery_ARDEV_y1965_a1,1.29558,251,5,-10,10,0,0,act,0.299559,9.19E-07,dev
306,Fishery_ARDEV_y1965_a2,1.57682,252,5,-10,10,0,0,act,0.328634,4.86E-07,dev
307,Fishery_ARDEV_y1965_a3,1.08978,253,5,-10,10,0,0,act,0.35817,2.94E-07,dev
308,Fishery_ARDEV_y1965_a4,0.897779,254,5,-10,10,0,0,act,0.325493,1.35E-07,dev
309,Fishery_ARDEV_y1965_a5,0.109962,255,5,-10,10,0,0,act,0.63633,4.31E-08,dev
310,Fishery_ARDEV_y1965_a6,-0.0381164,256,5,-10,10,0,0,act,0.636477,-5.06E-08,dev
311,Fishery_ARDEV_y1966_a1,0.933233,257,5,-10,10,0,0,act,0.320595,5.92E-07,dev
312,Fishery_ARDEV_y1966_a2,1.31813,258,5,-10,10,0,0,act,0.300576,1.47E-06,dev
313,Fishery_ARDEV_y1966_a3,0.743135,259,5,-10,10,0,0,act,0.397105,7.13E-07,dev
314,Fishery_ARDEV_y1966_a4,0.477377,260,5,-10,10,0,0,act,0.441116,3.82E-07,dev
315,Fishery_ARDEV_y1966_a5,0.605616,261,5,-10,10,0,0,act,0.378343,9.98E-07,dev
316,Fishery_ARDEV_y1966_a6,-0.42961,262,5,-10,10,0,0,act,0.695478,1.14E-07,dev
317,Fishery_ARDEV_y1967_a1,1.22558,263,5,-10,10,0,0,act,0.307877,8.85E-08,dev
318,Fishery_ARDEV_y1967_a2,0.920842,264,5,-10,10,0,0,act,0.317742,1.06E-07,dev
319,Fishery_ARDEV_y1967_a3,0.999794,265,5,-10,10,0,0,act,0.336546,1.00E-07,dev
320,Fishery_ARDEV_y1967_a4,0.509201,266,5,-10,10,0,0,act,0.489094,1.88E-07,dev
321,Fishery_ARDEV_y1967_a5,0.555078,267,5,-10,10,0,0,act,0.531197,6.28E-08,dev
322,Fishery_ARDEV_y1967_a6,0.335313,268,5,-10,10,0,0,act,0.467315,1.21E-07,dev
323,Fishery_ARDEV_y1968_a1,0.882751,269,5,-10,10,0,0,act,0.293048,-4.47E-08,dev
324,Fishery_ARDEV_y1968_a2,1.5105,270,5,-10,10,0,0,act,0.35729,6.58E-07,dev
325,Fishery_ARDEV_y1968_a3,1.48936,271,5,-10,10,0,0,act,0.375263,6.66E-07,dev
326,Fishery_ARDEV_y1968_a4,0.658559,272,5,-10,10,0,0,act,0.457656,2.34E-07,dev
327,Fishery_ARDEV_y1968_a5,0.0598132,273,5,-10,10,0,0,act,0.647244,1.26E-07,dev
328,Fishery_ARDEV_y1968_a6,0.317997,274,5,-10,10,0,0,act,0.740642,2.53E-07,dev
329,Fishery_ARDEV_y1969_a1,1.62911,275,5,-10,10,0,0,act,0.33033,7.76E-07,dev
330,Fishery_ARDEV_y1969_a2,1.66347,276,5,-10,10,0,0,act,0.34581,1.29E-06,dev
331,Fishery_ARDEV_y1969_a3,0.817005,277,5,-10,10,0,0,act,0.54146,1.45E-07,dev
332,Fishery_ARDEV_y1969_a4,0.586095,278,5,-10,10,0,0,act,0.65,1.14E-07,dev
333,Fishery_ARDEV_y1969_a5,0.854017,279,5,-10,10,0,0,act,0.678801,8.18E-08,dev
334,Fishery_ARDEV_y1969_a6,0.0743824,280,5,-10,10,0,0,act,0.784562,1.26E-07,dev
335,Fishery_ARDEV_y1970_a1,0.896642,281,5,-10,10,0,0,act,0.304753,5.04E-07,dev
336,Fishery_ARDEV_y1970_a2,1.52912,282,5,-10,10,0,0,act,0.321693,1.21E-06,dev
337,Fishery_ARDEV_y1970_a3,1.12009,283,5,-10,10,0,0,act,0.410823,5.75E-07,dev
338,Fishery_ARDEV_y1970_a4,0.198694,284,5,-10,10,0,0,act,0.694728,1.10E-07,dev
339,Fishery_ARDEV_y1970_a5,0.0158721,285,5,-10,10,0,0,act,0.798917,-7.56E-08,dev
340,Fishery_ARDEV_y1970_a6,-0.294251,286,5,-10,10,0,0,act,0.884521,2.83E-07,dev
341,Fishery_ARDEV_y1971_a1,1.61584,287,5,-10,10,0,0,act,0.276776,3.33E-06,dev
342,Fishery_ARDEV_y1971_a2,1.20141,288,5,-10,10,0,0,act,0.352631,9.65E-07,dev
343,Fishery_ARDEV_y1971_a3,1.19919,289,5,-10,10,0,0,act,0.545399,6.73E-07,dev
344,Fishery_ARDEV_y1971_a4,0.54884,290,5,-10,10,0,0,act,0.695294,1.59E-07,dev
345,Fishery_ARDEV_y1971_a5,-0.205706,291,5,-10,10,0,0,act,0.883384,8.11E-08,dev
346,Fishery_ARDEV_y1971_a6,-0.104754,292,5,-10,10,0,0,act,0.928967,-8.48E-08,dev
347,Fishery_ARDEV_y1972_a1,1.18203,293,5,-10,10,0,0,act,0.27067,2.80E-06,dev
348,Fishery_ARDEV_y1972_a2,0.758555,294,5,-10,10,0,0,act,0.306805,2.99E-07,dev
349,Fishery_ARDEV_y1972_a3,0.267621,295,5,-10,10,0,0,act,0.461881,2.45E-07,dev
350,Fishery_ARDEV_y1972_a4,-0.280769,296,5,-10,10,0,0,act,0.827898,1.18E-07,dev
351,Fishery_ARDEV_y1972_a5,-0.164462,297,5,-10,10,0,0,act,0.894598,2.36E-08,dev
352,Fishery_ARDEV_y1972_a6,-0.0962498,298,5,-10,10,0,0,act,0.935663,-1.58E-07,dev
353,Fishery_ARDEV_y1973_a1,1.27563,299,5,-10,10,0,0,act,0.303694,1.14E-06,dev
354,Fishery_ARDEV_y1973_a2,0.928065,300,5,-10,10,0,0,act,0.323955,6.44E-07,dev
355,Fishery_ARDEV_y1973_a3,0.708887,301,5,-10,10,0,0,act,0.394465,6.21E-07,dev
356,Fishery_ARDEV_y1973_a4,0.272426,302,5,-10,10,0,0,act,0.659151,1.44E-07,dev
357,Fishery_ARDEV_y1973_a5,-0.0733671,303,5,-10,10,0,0,act,0.888363,8.17E-08,dev
358,Fishery_ARDEV_y1973_a6,-0.0346261,304,5,-10,10,0,0,act,0.942241,6.49E-08,dev
359,Fishery_ARDEV_y1974_a1,0.711964,305,5,-10,10,0,0,act,0.262528,-1.26E-06,dev
360,Fishery_ARDEV_y1974_a2,0.762869,306,5,-10,10,0,0,act,0.27647,-2.52E-06,dev
361,Fishery_ARDEV_y1974_a3,0.22308,307,5,-10,10,0,0,act,0.347551,-1.09E-06,dev
362,Fishery_ARDEV_y1974_a4,0.0500927,308,5,-10,10,0,0,act,0.589573,-1.36E-07,dev
363,Fishery_ARDEV_y1974_a5,0.0832303,309,5,-10,10,0,0,act,0.886583,-4.32E-07,dev
364,Fishery_ARDEV_y1974_a6,0.0408032,310,5,-10,10,0,0,act,0.946771,-9.11E-08,dev
365,Fishery_ARDEV_y1975_a1,0.563391,311,5,-10,10,0,0,act,0.369414,-9.04E-06,dev
366,Fishery_ARDEV_y1975_a2,0.486015,312,5,-10,10,0,0,act,0.394915,-3.58E-06,dev
367,Fishery_ARDEV_y1975_a3,0.0414222,313,5,-10,10,0,0,act,0.43712,-3.05E-06,dev
368,Fishery_ARDEV_y1975_a4,-0.263159,314,5,-10,10,0,0,act,0.57533,-6.86E-07,dev
369,Fishery_ARDEV_y1975_a5,0.0125463,315,5,-10,10,0,0,act,0.954842,-4.27E-07,dev
370,Fishery_ARDEV_y1975_a6,0.00749111,316,5,-10,10,0,0,act,0.964391,-3.09E-07,dev
371,Fishery_ARDEV_y1976_a1,-0.520514,317,5,-10,10,0,0,act,0.596085,3.22E-07,dev
372,Fishery_ARDEV_y1976_a2,0.819904,318,5,-10,10,0,0,act,0.360213,3.57E-06,dev
373,Fishery_ARDEV_y1976_a3,0.567024,319,5,-10,10,0,0,act,0.467259,4.13E-07,dev
374,Fishery_ARDEV_y1976_a4,0.129813,320,5,-10,10,0,0,act,0.632381,-4.32E-08,dev
375,Fishery_ARDEV_y1976_a5,0.223669,321,5,-10,10,0,0,act,0.842077,3.16E-07,dev
376,Fishery_ARDEV_y1976_a6,0.0379343,322,5,-10,10,0,0,act,0.952833,8.76E-08,dev
377,Fishery_ARDEV_y1977_a1,-0.201893,323,5,-10,10,0,0,act,0.539564,4.54E-07,dev
378,Fishery_ARDEV_y1977_a2,-1.02762,324,5,-10,10,0,0,act,0.563605,-1.64E-07,dev
379,Fishery_ARDEV_y1977_a3,1.08448,325,5,-10,10,0,0,act,0.577177,-2.27E-06,dev
380,Fishery_ARDEV_y1977_a4,0.148878,326,5,-10,10,0,0,act,0.852638,-1.59E-07,dev
381,Fishery_ARDEV_y1977_a5,0.195502,327,5,-10,10,0,0,act,0.883055,2.31E-08,dev
382,Fishery_ARDEV_y1977_a6,0.0695354,328,5,-10,10,0,0,act,0.955607,1.38E-08,dev
383,Fishery_ARDEV_y1978_a1,0.633693,329,5,-10,10,0,0,act,0.47724,-1.74E-06,dev
384,Fishery_ARDEV_y1978_a2,-1.85383,330,5,-10,10,0,0,act,0.597511,2.02E-07,dev
385,Fishery_ARDEV_y1978_a3,-1.63346,331,5,-10,10,0,0,act,0.634194,6.66E-07,dev
386,Fishery_ARDEV_y1978_a4,-0.244327,332,5,-10,10,0,0,act,0.904108,4.62E-07,dev
387,Fishery_ARDEV_y1978_a5,-0.0607468,333,5,-10,10,0,0,act,0.937551,2.13E-07,dev
388,Fishery_ARDEV_y1978_a6,-0.0381429,334,5,-10,10,0,0,act,0.947478,-7.00E-09,dev
389,Fishery_ARDEV_y1979_a1,-0.331253,335,5,-10,10,0,0,act,0.45377,3.29E-07,dev
390,Fishery_ARDEV_y1979_a2,-1.28182,336,5,-10,10,0,0,act,0.506778,-2.76E-07,dev
391,Fishery_ARDEV_y1979_a3,-1.67335,337,5,-10,10,0,0,act,0.60689,7.00E-08,dev
392,Fishery_ARDEV_y1979_a4,-1.32977,338,5,-10,10,0,0,act,0.669467,2.55E-07,dev
393,Fishery_ARDEV_y1979_a5,-0.296429,339,5,-10,10,0,0,act,0.934201,-1.06E-07,dev
394,Fishery_ARDEV_y1979_a6,-0.0697227,340,5,-10,10,0,0,act,0.952459,3.96E-08,dev
395,Fishery_ARDEV_y1980_a1,-1.30406,341,5,-10,10,0,0,act,0.401232,-1.19E-06,dev
396,Fishery_ARDEV_y1980_a2,-0.842558,342,5,-10,10,0,0,act,0.492197,-1.42E-06,dev
397,Fishery_ARDEV_y1980_a3,-0.762274,343,5,-10,10,0,0,act,0.553788,-1.46E-06,dev
398,Fishery_ARDEV_y1980_a4,-0.983744,344,5,-10,10,0,0,act,0.664664,-4.87E-07,dev
399,Fishery_ARDEV_y1980_a5,-0.752073,345,5,-10,10,0,0,act,0.768708,-5.80E-07,dev
400,Fishery_ARDEV_y1980_a6,-0.0685243,346,5,-10,10,0,0,act,0.96588,-2.68E-07,dev
401,Fishery_ARDEV_y1981_a1,-1.47208,347,5,-10,10,0,0,act,0.361576,9.02E-07,dev
402,Fishery_ARDEV_y1981_a2,-1.93054,348,5,-10,10,0,0,act,0.431658,9.09E-07,dev
403,Fishery_ARDEV_y1981_a3,-1.39181,349,5,-10,10,0,0,act,0.717384,1.05E-06,dev
404,Fishery_ARDEV_y1981_a4,-0.520939,350,5,-10,10,0,0,act,1.03992,5.07E-07,dev
405,Fishery_ARDEV_y1981_a5,-0.169525,351,5,-10,10,0,0,act,1.05246,1.82E-07,dev
406,Fishery_ARDEV_y1981_a6,-0.0512129,352,5,-10,10,0,0,act,0.994903,5.38E-08,dev
407,Fishery_ARDEV_y1982_a1,-1.59115,353,5,-10,10,0,0,act,0.364654,-7.99E-08,dev
408,Fishery_ARDEV_y1982_a2,-1.77016,354,5,-10,10,0,0,act,0.477471,9.50E-08,dev
409,Fishery_ARDEV_y1982_a3,-1.63762,355,5,-10,10,0,0,act,0.553917,-2.48E-07,dev
410,Fishery_ARDEV_y1982_a4,-0.213946,356,5,-10,10,0,0,act,1.03959,1.19E-07,dev
411,Fishery_ARDEV_y1982_a5,-0.0215739,357,5,-10,10,0,0,act,0.97281,-1.15E-07,dev
412,Fishery_ARDEV_y1982_a6,-0.00256756,358,5,-10,10,0,0,act,0.961685,1.30E-08,dev
413,Fishery_ARDEV_y1983_a1,-1.37955,359,5,-10,10,0,0,act,0.283638,2.00E-06,dev
414,Fishery_ARDEV_y1983_a2,-1.84772,360,5,-10,10,0,0,act,0.37048,1.52E-06,dev
415,Fishery_ARDEV_y1983_a3,-1.67866,361,5,-10,10,0,0,act,0.493379,1.30E-06,dev
416,Fishery_ARDEV_y1983_a4,-1.14496,362,5,-10,10,0,0,act,0.55324,1.14E-06,dev
417,Fishery_ARDEV_y1983_a5,-0.0147626,363,5,-10,10,0,0,act,0.972904,3.79E-08,dev
418,Fishery_ARDEV_y1983_a6,-0.000516893,364,5,-10,10,0,0,act,0.960519,1.20E-08,dev
419,Fishery_ARDEV_y1984_a1,-1.16451,365,5,-10,10,0,0,act,0.293295,-2.58E-06,dev
420,Fishery_ARDEV_y1984_a2,-1.33689,366,5,-10,10,0,0,act,0.340045,-3.41E-06,dev
421,Fishery_ARDEV_y1984_a3,-1.45683,367,5,-10,10,0,0,act,0.445327,-1.74E-06,dev
422,Fishery_ARDEV_y1984_a4,-1.00119,368,5,-10,10,0,0,act,0.557062,-7.33E-07,dev
423,Fishery_ARDEV_y1984_a5,0.0545408,369,5,-10,10,0,0,act,0.933665,-2.30E-07,dev
424,Fishery_ARDEV_y1984_a6,0.000155121,370,5,-10,10,0,0,act,0.959973,-7.84E-08,dev
425,Fishery_ARDEV_y1985_a1,0.319758,371,5,-10,10,0,0,act,0.272279,-1.44E-06,dev
426,Fishery_ARDEV_y1985_a2,-0.480767,372,5,-10,10,0,0,act,0.32424,-1.41E-06,dev
427,Fishery_ARDEV_y1985_a3,-0.241509,373,5,-10,10,0,0,act,0.381978,-9.57E-07,dev
428,Fishery_ARDEV_y1985_a4,-0.411949,374,5,-10,10,0,0,act,0.544055,-3.66E-07,dev
429,Fishery_ARDEV_y1985_a5,0.413504,375,5,-10,10,0,0,act,0.793437,6.22E-08,dev
430,Fishery_ARDEV_y1985_a6,0.0232205,376,5,-10,10,0,0,act,0.959212,2.11E-08,dev
431,Fishery_ARDEV_y1986_a1,0.628806,377,5,-10,10,0,0,act,0.254835,-2.70E-06,dev
432,Fishery_ARDEV_y1986_a2,0.0855153,378,5,-10,10,0,0,act,0.343935,-1.30E-06,dev
433,Fishery_ARDEV_y1986_a3,-0.334571,379,5,-10,10,0,0,act,0.383452,-1.31E-06,dev
434,Fishery_ARDEV_y1986_a4,-0.137176,380,5,-10,10,0,0,act,0.528165,-5.93E-07,dev
435,Fishery_ARDEV_y1986_a5,0.140485,381,5,-10,10,0,0,act,0.764156,-1.78E-07,dev
436,Fishery_ARDEV_y1986_a6,0.0100425,382,5,-10,10,0,0,act,0.960157,-2.19E-07,dev
437,Fishery_ARDEV_y1987_a1,-0.197029,383,5,-10,10,0,0,act,0.242544,-3.35E-06,dev
438,Fishery_ARDEV_y1987_a2,-0.779519,384,5,-10,10,0,0,act,0.305012,-1.74E-06,dev
439,Fishery_ARDEV_y1987_a3,-0.907182,385,5,-10,10,0,0,act,0.422176,-8.94E-07,dev
440,Fishery_ARDEV_y1987_a4,-1.08906,386,5,-10,10,0,0,act,0.469924,-8.19E-07,dev
441,Fishery_ARDEV_y1987_a5,-0.638563,387,5,-10,10,0,0,act,0.637525,-4.70E-07,dev
442,Fishery_ARDEV_y1987_a6,-0.130936,388,5,-10,10,0,0,act,1.00662,5.15E-09,dev
443,Fishery_ARDEV_y1988_a1,0.682624,389,5,-10,10,0,0,act,0.270227,-1.91E-06,dev
444,Fishery_ARDEV_y1988_a2,-0.6671,390,5,-10,10,0,0,act,0.317259,-8.18E-07,dev
445,Fishery_ARDEV_y1988_a3,-0.82274,391,5,-10,10,0,0,act,0.366922,-3.08E-07,dev
446,Fishery_ARDEV_y1988_a4,-0.541217,392,5,-10,10,0,0,act,0.498876,6.25E-08,dev
447,Fishery_ARDEV_y1988_a5,-0.781665,393,5,-10,10,0,0,act,0.5524,5.60E-08,dev
448,Fishery_ARDEV_y1988_a6,0.101781,394,5,-10,10,0,0,act,0.886166,-1.96E-08,dev
449,Fishery_ARDEV_y1989_a1,0.132174,395,5,-10,10,0,0,act,0.282697,-1.72E-06,dev
450,Fishery_ARDEV_y1989_a2,-0.606613,396,5,-10,10,0,0,act,0.315287,-2.12E-06,dev
451,Fishery_ARDEV_y1989_a3,-1.11336,397,5,-10,10,0,0,act,0.319407,-1.84E-06,dev
452,Fishery_ARDEV_y1989_a4,-0.753091,398,5,-10,10,0,0,act,0.367092,-1.01E-06,dev
453,Fishery_ARDEV_y1989_a5,-0.545439,399,5,-10,10,0,0,act,0.564968,-2.02E-07,dev
454,Fishery_ARDEV_y1989_a6,-0.659795,400,5,-10,10,0,0,act,0.573526,-1.28E-07,dev
455,Fishery_ARDEV_y1990_a1,1.01013,401,5,-10,10,0,0,act,0.293415,-1.07E-06,dev
456,Fishery_ARDEV_y1990_a2,-0.098859,402,5,-10,10,0,0,act,0.356987,-4.58E-07,dev
457,Fishery_ARDEV_y1990_a3,-0.422247,403,5,-10,10,0,0,act,0.367252,2.35E-07,dev
458,Fishery_ARDEV_y1990_a4,-0.474402,404,5,-10,10,0,0,act,0.359517,-6.47E-07,dev
459,Fishery_ARDEV_y1990_a5,-0.168275,405,5,-10,10,0,0,act,0.455096,-1.82E-07,dev
460,Fishery_ARDEV_y1990_a6,-0.145874,406,5,-10,10,0,0,act,0.744729,6.18E-08,dev
461,Fishery_ARDEV_y1991_a1,0.0297624,407,5,-10,10,0,0,act,0.288763,-4.17E-07,dev
462,Fishery_ARDEV_y1991_a2,-0.108496,408,5,-10,10,0,0,act,0.345564,-3.37E-07,dev
463,Fishery_ARDEV_y1991_a3,-0.886795,409,5,-10,10,0,0,act,0.395498,-5.87E-07,dev
464,Fishery_ARDEV_y1991_a4,-0.834035,410,5,-10,10,0,0,act,0.408238,-4.37E-07,dev
465,Fishery_ARDEV_y1991_a5,-1.04976,411,5,-10,10,0,0,act,0.410122,-6.33E-07,dev
466,Fishery_ARDEV_y1991_a6,-0.542856,412,5,-10,10,0,0,act,0.571674,-1.04E-07,dev
467,Fishery_ARDEV_y1992_a1,-0.697008,413,5,-10,10,0,0,act,0.282755,-1.94E-07,dev
468,Fishery_ARDEV_y1992_a2,-1.03687,414,5,-10,10,0,0,act,0.334931,-4.35E-07,dev
469,Fishery_ARDEV_y1992_a3,-1.34396,415,5,-10,10,0,0,act,0.451723,1.26E-07,dev
470,Fishery_ARDEV_y1992_a4,-1.454,416,5,-10,10,0,0,act,0.465864,-2.38E-07,dev
471,Fishery_ARDEV_y1992_a5,-1.30636,417,5,-10,10,0,0,act,0.482906,-3.59E-07,dev
472,Fishery_ARDEV_y1992_a6,-1.648,418,5,-10,10,0,0,act,0.456341,-3.69E-07,dev
473,Fishery_ARDEV_y1993_a1,-0.702075,419,5,-10,10,0,0,act,0.243559,-1.64E-06,dev
474,Fishery_ARDEV_y1993_a2,-0.88218,420,5,-10,10,0,0,act,0.328142,-1.59E-06,dev
475,Fishery_ARDEV_y1993_a3,-1.32007,421,5,-10,10,0,0,act,0.397654,-9.75E-07,dev
476,Fishery_ARDEV_y1993_a4,-1.04751,422,5,-10,10,0,0,act,0.501749,-4.66E-07,dev
477,Fishery_ARDEV_y1993_a5,-1.23557,423,5,-10,10,0,0,act,0.509144,-4.80E-07,dev
478,Fishery_ARDEV_y1993_a6,-0.876907,424,5,-10,10,0,0,act,0.529366,-1.75E-07,dev
479,Fishery_ARDEV_y1994_a1,-0.900202,425,5,-10,10,0,0,act,0.264516,9.16E-07,dev
480,Fishery_ARDEV_y1994_a2,-0.583974,426,5,-10,10,0,0,act,0.269235,1.81E-06,dev
481,Fishery_ARDEV_y1994_a3,-0.958176,427,5,-10,10,0,0,act,0.396618,5.04E-07,dev
482,Fishery_ARDEV_y1994_a4,-0.93434,428,5,-10,10,0,0,act,0.461776,1.13E-07,dev
483,Fishery_ARDEV_y1994_a5,-0.856691,429,5,-10,10,0,0,act,0.645226,8.70E-08,dev
484,Fishery_ARDEV_y1994_a6,-1.00422,430,5,-10,10,0,0,act,0.606671,1.94E-08,dev
485,Fishery_ARDEV_y1995_a1,-1.06572,431,5,-10,10,0,0,act,0.271686,-7.39E-07,dev
486,Fishery_ARDEV_y1995_a2,-1.09053,432,5,-10,10,0,0,act,0.273434,-2.30E-06,dev
487,Fishery_ARDEV_y1995_a3,-1.15467,433,5,-10,10,0,0,act,0.326439,-1.10E-06,dev
488,Fishery_ARDEV_y1995_a4,-1.2466,434,5,-10,10,0,0,act,0.478939,-2.80E-07,dev
489,Fishery_ARDEV_y1995_a5,-1.37114,435,5,-10,10,0,0,act,0.568081,-1.89E-07,dev
490,Fishery_ARDEV_y1995_a6,-0.982725,436,5,-10,10,0,0,act,0.761404,-1.51E-07,dev
491,Fishery_ARDEV_y1996_a1,0.078577,437,5,-10,10,0,0,act,0.244345,-1.20E-07,dev
492,Fishery_ARDEV_y1996_a2,-0.479279,438,5,-10,10,0,0,act,0.300096,1.77E-07,dev
493,Fishery_ARDEV_y1996_a3,-0.486547,439,5,-10,10,0,0,act,0.318925,4.49E-07,dev
494,Fishery_ARDEV_y1996_a4,-0.735661,440,5,-10,10,0,0,act,0.444282,-1.07E-07,dev
495,Fishery_ARDEV_y1996_a5,-0.476077,441,5,-10,10,0,0,act,0.62553,-4.54E-08,dev
496,Fishery_ARDEV_y1996_a6,-0.711937,442,5,-10,10,0,0,act,0.716214,6.95E-08,dev
497,Fishery_ARDEV_y1997_a1,-0.627212,443,5,-10,10,0,0,act,0.29208,9.49E-08,dev
498,Fishery_ARDEV_y1997_a2,0.294982,444,5,-10,10,0,0,act,0.283997,8.08E-07,dev
499,Fishery_ARDEV_y1997_a3,0.221241,445,5,-10,10,0,0,act,0.313785,7.82E-07,dev
500,Fishery_ARDEV_y1997_a4,0.21472,446,5,-10,10,0,0,act,0.357486,6.52E-07,dev
501,Fishery_ARDEV_y1997_a5,0.0352641,447,5,-10,10,0,0,act,0.475245,2.88E-07,dev
502,Fishery_ARDEV_y1997_a6,-0.0167591,448,5,-10,10,0,0,act,0.671641,3.55E-08,dev
503,Fishery_ARDEV_y1998_a1,0.884394,449,5,-10,10,0,0,act,0.308603,2.55E-07,dev
504,Fishery_ARDEV_y1998_a2,0.472945,450,5,-10,10,0,0,act,0.298165,5.35E-07,dev
505,Fishery_ARDEV_y1998_a3,0.354119,451,5,-10,10,0,0,act,0.341696,2.61E-07,dev
506,Fishery_ARDEV_y1998_a4,0.294284,452,5,-10,10,0,0,act,0.404059,1.02E-07,dev
507,Fishery_ARDEV_y1998_a5,0.348312,453,5,-10,10,0,0,act,0.470605,1.09E-08,dev
508,Fishery_ARDEV_y1998_a6,0.349953,454,5,-10,10,0,0,act,0.593081,1.46E-08,dev
509,Fishery_ARDEV_y1999_a1,-0.484909,455,5,-10,10,0,0,act,0.344018,4.74E-08,dev
510,Fishery_ARDEV_y1999_a2,0.199916,456,5,-10,10,0,0,act,0.292004,3.29E-07,dev
511,Fishery_ARDEV_y1999_a3,0.171317,457,5,-10,10,0,0,act,0.257156,9.44E-07,dev
512,Fishery_ARDEV_y1999_a4,-0.126384,458,5,-10,10,0,0,act,0.367333,2.06E-07,dev
513,Fishery_ARDEV_y1999_a5,-0.171008,459,5,-10,10,0,0,act,0.481099,1.55E-07,dev
514,Fishery_ARDEV_y1999_a6,-0.16378,460,5,-10,10,0,0,act,0.642662,1.37E-07,dev
515,Fishery_ARDEV_y2000_a1,-0.598302,461,5,-10,10,0,0,act,0.262903,-1.44E-07,dev
516,Fishery_ARDEV_y2000_a2,-0.0461003,462,5,-10,10,0,0,act,0.306675,-1.19E-07,dev
517,Fishery_ARDEV_y2000_a3,-0.21096,463,5,-10,10,0,0,act,0.333384,-3.45E-07,dev
518,Fishery_ARDEV_y2000_a4,-0.16235,464,5,-10,10,0,0,act,0.310934,-4.86E-07,dev
519,Fishery_ARDEV_y2000_a5,-0.24191,465,5,-10,10,0,0,act,0.432884,-3.93E-07,dev
520,Fishery_ARDEV_y2000_a6,-0.401176,466,5,-10,10,0,0,act,0.569839,-1.55E-07,dev
521,Fishery_ARDEV_y2001_a1,-0.147552,467,5,-10,10,0,0,act,0.288922,7.47E-08,dev
522,Fishery_ARDEV_y2001_a2,-0.492429,468,5,-10,10,0,0,act,0.262877,3.16E-08,dev
523,Fishery_ARDEV_y2001_a3,0.212834,469,5,-10,10,0,0,act,0.318954,1.80E-07,dev
524,Fishery_ARDEV_y2001_a4,0.0327874,470,5,-10,10,0,0,act,0.383301,2.61E-07,dev
525,Fishery_ARDEV_y2001_a5,-0.0202247,471,5,-10,10,0,0,act,0.3714,5.95E-08,dev
526,Fishery_ARDEV_y2001_a6,-0.204577,472,5,-10,10,0,0,act,0.548597,-9.43E-08,dev
527,Fishery_ARDEV_y2002_a1,-0.839923,473,5,-10,10,0,0,act,0.277726,1.48E-07,dev
528,Fishery_ARDEV_y2002_a2,-0.216026,474,5,-10,10,0,0,act,0.304853,2.68E-07,dev
529,Fishery_ARDEV_y2002_a3,-0.31832,475,5,-10,10,0,0,act,0.274091,1.05E-06,dev
530,Fishery_ARDEV_y2002_a4,0.0631575,476,5,-10,10,0,0,act,0.374933,2.84E-07,dev
531,Fishery_ARDEV_y2002_a5,-0.258526,477,5,-10,10,0,0,act,0.462069,2.54E-07,dev
532,Fishery_ARDEV_y2002_a6,-0.24362,478,5,-10,10,0,0,act,0.435874,1.65E-07,dev
533,Fishery_ARDEV_y2003_a1,-0.0143257,479,5,-10,10,0,0,act,0.322559,-1.54E-07,dev
534,Fishery_ARDEV_y2003_a2,-0.39023,480,5,-10,10,0,0,act,0.286382,2.43E-07,dev
535,Fishery_ARDEV_y2003_a3,-0.185667,481,5,-10,10,0,0,act,0.332477,6.97E-08,dev
536,Fishery_ARDEV_y2003_a4,-0.0737961,482,5,-10,10,0,0,act,0.308005,-3.35E-08,dev
537,Fishery_ARDEV_y2003_a5,0.349157,483,5,-10,10,0,0,act,0.426043,-7.36E-08,dev
538,Fishery_ARDEV_y2003_a6,-0.12949,484,5,-10,10,0,0,act,0.520557,-2.29E-08,dev
539,Fishery_ARDEV_y2004_a1,-0.849281,485,5,-10,10,0,0,act,0.400607,2.51E-08,dev
540,Fishery_ARDEV_y2004_a2,-0.65837,486,5,-10,10,0,0,act,0.330786,1.11E-07,dev
541,Fishery_ARDEV_y2004_a3,-0.602105,487,5,-10,10,0,0,act,0.264756,9.59E-07,dev
542,Fishery_ARDEV_y2004_a4,-0.230877,488,5,-10,10,0,0,act,0.324523,-5.42E-08,dev
543,Fishery_ARDEV_y2004_a5,-0.138247,489,5,-10,10,0,0,act,0.308575,6.05E-07,dev
544,Fishery_ARDEV_y2004_a6,0.0996218,490,5,-10,10,0,0,act,0.477179,2.17E-07,dev
545,Fishery_ARDEV_y2005_a1,-0.294348,491,5,-10,10,0,0,act,0.309728,1.20E-07,dev
546,Fishery_ARDEV_y2005_a2,-0.780041,492,5,-10,10,0,0,act,0.363077,-8.08E-08,dev
547,Fishery_ARDEV_y2005_a3,-0.942632,493,5,-10,10,0,0,act,0.332297,-3.76E-07,dev
548,Fishery_ARDEV_y2005_a4,-0.764123,494,5,-10,10,0,0,act,0.272074,-2.11E-06,dev
549,Fishery_ARDEV_y2005_a5,-0.367388,495,5,-10,10,0,0,act,0.351219,-3.74E-07,dev
550,Fishery_ARDEV_y2005_a6,-0.330182,496,5,-10,10,0,0,act,0.331096,-8.81E-07,dev
551,Fishery_ARDEV_y2006_a1,-0.956378,497,5,-10,10,0,0,act,0.374162,-2.71E-08,dev
552,Fishery_ARDEV_y2006_a2,-0.514895,498,5,-10,10,0,0,act,0.322874,9.49E-08,dev
553,Fishery_ARDEV_y2006_a3,-0.550928,499,5,-10,10,0,0,act,0.347111,1.09E-07,dev
554,Fishery_ARDEV_y2006_a4,-0.344856,500,5,-10,10,0,0,act,0.316381,1.46E-07,dev
555,Fishery_ARDEV_y2006_a5,-0.291024,501,5,-10,10,0,0,act,0.271965,3.67E-07,dev
556,Fishery_ARDEV_y2006_a6,-0.197536,502,5,-10,10,0,0,act,0.387917,1.16E-07,dev
557,Fishery_ARDEV_y2007_a1,-0.896439,503,5,-10,10,0,0,act,0.347141,9.94E-08,dev
558,Fishery_ARDEV_y2007_a2,-0.722317,504,5,-10,10,0,0,act,0.358586,1.80E-08,dev
559,Fishery_ARDEV_y2007_a3,-0.129349,505,5,-10,10,0,0,act,0.309374,2.86E-07,dev
560,Fishery_ARDEV_y2007_a4,-0.0548607,506,5,-10,10,0,0,act,0.348239,3.96E-07,dev
561,Fishery_ARDEV_y2007_a5,-0.0700908,507,5,-10,10,0,0,act,0.346076,2.37E-07,dev
562,Fishery_ARDEV_y2007_a6,-0.0378792,508,5,-10,10,0,0,act,0.280758,6.17E-07,dev
563,Fishery_ARDEV_y2008_a1,-0.920128,509,5,-10,10,0,0,act,0.320189,-1.36E-07,dev
564,Fishery_ARDEV_y2008_a2,-0.541393,510,5,-10,10,0,0,act,0.298416,-2.23E-07,dev
565,Fishery_ARDEV_y2008_a3,-0.812287,511,5,-10,10,0,0,act,0.346375,-6.83E-08,dev
566,Fishery_ARDEV_y2008_a4,-0.466919,512,5,-10,10,0,0,act,0.346416,-1.04E-08,dev
567,Fishery_ARDEV_y2008_a5,-0.311618,513,5,-10,10,0,0,act,0.400215,1.00E-07,dev
568,Fishery_ARDEV_y2008_a6,-0.565565,514,5,-10,10,0,0,act,0.407934,-9.19E-09,dev
569,Fishery_ARDEV_y2009_a1,-0.757669,515,5,-10,10,0,0,act,0.317148,5.49E-08,dev
570,Fishery_ARDEV_y2009_a2,-0.380872,516,5,-10,10,0,0,act,0.2929,1.79E-07,dev
571,Fishery_ARDEV_y2009_a3,-1.11376,517,5,-10,10,0,0,act,0.357105,2.44E-07,dev
572,Fishery_ARDEV_y2009_a4,-0.761154,518,5,-10,10,0,0,act,0.381209,1.23E-07,dev
573,Fishery_ARDEV_y2009_a5,-0.483625,519,5,-10,10,0,0,act,0.401038,1.07E-07,dev
574,Fishery_ARDEV_y2009_a6,-0.671228,520,5,-10,10,0,0,act,0.496655,1.33E-07,dev
575,Fishery_ARDEV_y2010_a1,-0.518776,521,5,-10,10,0,0,act,0.304553,2.16E-08,dev
576,Fishery_ARDEV_y2010_a2,-0.120476,522,5,-10,10,0,0,act,0.304727,-2.16E-07,dev
577,Fishery_ARDEV_y2010_a3,-0.278249,523,5,-10,10,0,0,act,0.319068,2.00E-07,dev
578,Fishery_ARDEV_y2010_a4,-0.592919,524,5,-10,10,0,0,act,0.37063,5.61E-08,dev
579,Fishery_ARDEV_y2010_a5,-0.453755,525,5,-10,10,0,0,act,0.423633,1.52E-07,dev
580,Fishery_ARDEV_y2010_a6,-0.378598,526,5,-10,10,0,0,act,0.459818,5.80E-08,dev
581,Fishery_ARDEV_y2011_a1,-1.11265,527,5,-10,10,0,0,act,0.39713,-1.85E-07,dev
582,Fishery_ARDEV_y2011_a2,-0.280796,528,5,-10,10,0,0,act,0.348468,-1.19E-07,dev
583,Fishery_ARDEV_y2011_a3,-0.164848,529,5,-10,10,0,0,act,0.36607,-5.89E-09,dev
584,Fishery_ARDEV_y2011_a4,-0.102524,530,5,-10,10,0,0,act,0.385376,-2.52E-07,dev
585,Fishery_ARDEV_y2011_a5,-0.307529,531,5,-10,10,0,0,act,0.428812,-8.08E-08,dev
586,Fishery_ARDEV_y2011_a6,-0.457705,532,5,-10,10,0,0,act,0.500759,3.62E-08,dev
